ID,Welcome,Learn,DataMacro
1,"<div>The Northwind Developer Edition Template showcases major Access features.</div>

<div>&nbsp;</div>

<div>Northwind is a fictitious Trading Company whose customers are independent grocery stores. </div>

<div>Customers call in orders or place them over the internet. </div>

<div>Northwind invoices, ships, collects payments, and closes orders. </div>

<div>Sample data in this template will get you started quickly.</div>

<div>&nbsp;</div>",https://support.office.com/f1/topic/a685f382-e246-4f55-888f-52e4766868f8,"<?xml version=""1.0"" encoding=""UTF-16"" standalone=""no""?>
<DataMacros xmlns=""http://schemas.microsoft.com/office/accessservices/2009/11/application""><DataMacro Event=""BeforeChange""><Statements>
<Comment>Upate the Audit Fields for an Insert (AddedBy AddedOn) or and Update (ModifiedBy ModifiedOn)</Comment>
<ConditionalBlock>
<If><Condition>[IsInsert]</Condition>
<Statements>
<Action Name=""SetField""><Argument Name=""Field"">AddedBy</Argument><Argument Name=""Value"">GetAuditFieldsUserName()</Argument></Action>
<Action Name=""SetField""><Argument Name=""Field"">AddedOn</Argument><Argument Name=""Value"">Now()</Argument></Action>
<Action Name=""SetField""><Argument Name=""Field"">ModifiedBy</Argument><Argument Name=""Value"">GetAuditFieldsUserName()</Argument></Action>
<Action Name=""SetField""><Argument Name=""Field"">ModifiedOn</Argument><Argument Name=""Value"">Now()</Argument></Action>
</Statements>
</If>
<Else>
<Statements>
<Comment>This is an update</Comment>
<Action Name=""SetField""><Argument Name=""Field"">ModifiedBy</Argument><Argument Name=""Value"">GetAuditFieldsUserName()</Argument></Action>
<Action Name=""SetField""><Argument Name=""Field"">ModifiedOn</Argument><Argument Name=""Value"">Now()</Argument></Action>
<Comment>We only set the Added audit values once when the record is added.  If the user has deleted the AddedBy or AddedOn values we want to put them back  </Comment>
<ConditionalBlock>
<If>
<Condition>[Old].[AddedBy]&lt;&gt;[AddedBy]</Condition>
<Statements><Action Name=""SetField""><Argument Name=""Field"">AddedBy</Argument><Argument Name=""Value"">[Old].[AddedBy]</Argument>
</Action>
</Statements>
</If>
<Else><Statements>
<ConditionalBlock>
<If><Condition>IsNull([AddedBy])</Condition><Statements>
<Action Name=""SetField""><Argument Name=""Field"">AddedBy</Argument><Argument Name=""Value"">[Old].[AddedBy]</Argument></Action>
</Statements></If></ConditionalBlock></Statements></Else></ConditionalBlock>
<ConditionalBlock>
<If><Condition>IsNull([AddedOn])</Condition>
<Statements><Action Name=""SetField""><Argument Name=""Field"">AddedOn</Argument><Argument Name=""Value"">[Old].[AddedOn]</Argument></Action>
</Statements></If>
<Else><Statements><ConditionalBlock><If><Condition>[Old].[AddedOn]&lt;&gt;[AddedOn]</Condition><Statements><Action Name=""SetField""><Argument Name=""Field"">AddedOn</Argument><Argument Name=""Value"">[Old].[AddedOn]</Argument></Action>
</Statements></If></ConditionalBlock></Statements></Else></ConditionalBlock></Statements></Else></ConditionalBlock></Statements>
</DataMacro></DataMacros>"
